{"cameraMode":{"drawMode":0,"name":"Shaded","section":"Shading Mode"},"sceneLighting":false,"audioPlay":false,"sceneViewState":{"m_AlwaysRefresh":false,"showFog":true,"showSkybox":true,"showFlares":true,"showImageEffects":true,"showParticleSystems":true,"showVisualEffectGraphs":true,"m_FxEnabled":true},"in2DMode":false,"pivot":{"x":0.056661754846572879,"y":2.534508228302002,"z":-9.335000038146973},"rotation":{"x":0.011112971231341362,"y":-0.6715482473373413,"z":0.010073983110487461,"w":0.7408093214035034},"size":3.610290765762329,"orthographic":false}